122,Bikes,Mountain Bikes,Mountain-200 Black- 46,1373454,620,620,2215.24838709677,1,22,22,35,29356250,4.67857440919736,4.68,Top 80%
121,Bikes,Mountain Bikes,Mountain-200 Black- 42,1363128,614,614,2220.07817589577,2,23,23,34,29356250,4.64339961677667,9.32,Top 80%
123,Bikes,Mountain Bikes,Mountain-200 Silver- 38,1339394,596,596,2247.30536912752,3,24,24,30,29356250,4.56255141579732,13.88,Top 80%
125,Bikes,Mountain Bikes,Mountain-200 Silver- 46,1301029,580,580,2243.15344827586,4,26,26,32,29356250,4.43186374281456,18.32,Top 80%
120,Bikes,Mountain Bikes,Mountain-200 Black- 38,1294854,582,582,2224.83505154639,5,25,25,33,29356250,4.41082903981265,22.73,Top 80%
124,Bikes,Mountain Bikes,Mountain-200 Silver- 42,1257368,560,560,2245.3,6,27,27,31,29356250,4.28313561847988,27.01,Top 80%
17,Bikes,Road Bikes,Road-150 Red- 48,1205786,337,337,3578,7,44,44,1,29356250,4.10742516499894,31.12,Top 80%
20,Bikes,Road Bikes,Road-150 Red- 62,1202208,336,336,3578,8,45,45,1,29356250,4.09523695976155,35.21,Top 80%
18,Bikes,Road Bikes,Road-150 Red- 52,1080556,302,302,3578,9,52,52,1,29356250,3.68083798169044,38.89,Top 80%
19,Bikes,Road Bikes,Road-150 Red- 56,1055510,295,295,3578,10,55,55,1,29356250,3.59552054502874,42.49,Top 80%
16,Bikes,Road Bikes,Road-150 Red- 44,1005418,281,281,3578,11,57,57,1,29356250,3.42488567170534,45.91,Top 80%
141,Bikes,Road Bikes,Road-250 Black- 52,734425,319,319,2302.27272727273,12,48,48,28,29356250,2.50176708537364,48.42,Top 80%
143,Bikes,Road Bikes,Road-250 Red- 58,702666,306,306,2296.29411764706,13,49,49,29,29356250,2.39358228656589,50.81,Top 80%
140,Bikes,Road Bikes,Road-250 Black- 48,691213,298,298,2319.5067114094,14,53,53,25,29356250,2.3545684479455,53.16,Top 80%
139,Bikes,Road Bikes,Road-250 Black- 44,628384,271,271,2318.76014760148,15,58,58,26,29356250,2.14054588034916,55.3,Top 80%
142,Bikes,Road Bikes,Road-250 Black- 58,622026,270,270,2303.8,16,59,59,27,29356250,2.11888780072387,57.42,Top 80%
158,Bikes,Touring Bikes,Touring-1000 Blue- 46,421968,177,177,2384,17,71,71,17,29356250,1.43740430061742,58.86,Top 80%
135,Bikes,Road Bikes,Road-350-W Yellow- 40,418446,246,246,1701,18,65,65,36,29356250,1.42540685543964,60.29,Top 80%
162,Bikes,Touring Bikes,Touring-1000 Yellow- 46,410048,172,172,2384,19,72,72,17,29356250,1.39679965935704,61.68,Top 80%
136,Bikes,Road Bikes,Road-350-W Yellow- 42,399735,235,235,1701,20,66,66,36,29356250,1.36166915052161,63.04,Top 80%
49,Bikes,Road Bikes,Road-250 Red- 48,395766,162,162,2443,21,74,74,14,29356250,1.34814903129657,64.39,Top 80%
138,Bikes,Road Bikes,Road-350-W Yellow- 48,394632,232,232,1701,22,67,67,36,29356250,1.34428614008942,65.74,Top 80%
160,Bikes,Touring Bikes,Touring-1000 Blue- 54,381440,160,160,2384,23,75,75,17,29356250,1.29934852033213,67.04,Top 80%
164,Bikes,Touring Bikes,Touring-1000 Yellow- 54,376672,158,158,2384,24,76,76,17,29356250,1.28310666382798,68.32,Top 80%
137,Bikes,Road Bikes,Road-350-W Yellow- 44,367416,216,216,1701,25,68,68,36,29356250,1.25157675111773,69.57,Top 80%
163,Bikes,Touring Bikes,Touring-1000 Yellow- 50,359984,151,151,2384,26,77,77,17,29356250,1.22626016606344,70.8,Top 80%
159,Bikes,Touring Bikes,Touring-1000 Blue- 50,357600,150,150,2384,27,78,78,17,29356250,1.21813923781137,72.02,Top 80%
48,Bikes,Road Bikes,Road-250 Red- 44,351792,144,144,2443,28,81,81,14,29356250,1.19835469448584,73.21,Top 80%
161,Bikes,Touring Bikes,Touring-1000 Blue- 60,350448,147,147,2384,29,80,80,17,29356250,1.19377645305514,74.41,Top 80%
132,Bikes,Road Bikes,Road-550-W Yellow- 42,334440,306,306,1092.94117647059,30,49,49,44,29356250,1.13924632744305,75.55,Top 80%
165,Bikes,Touring Bikes,Touring-1000 Yellow- 60,333760,140,140,2384,31,82,82,17,29356250,1.13692995529061,76.68,Top 80%
50,Bikes,Road Bikes,Road-250 Red- 52,324919,133,133,2443,32,84,84,14,29356250,1.10681371087928,77.79,Top 80%
133,Bikes,Road Bikes,Road-550-W Yellow- 44,312200,287,287,1087.80487804878,33,56,56,47,29356250,1.06348733233979,78.85,Top 80%
130,Bikes,Road Bikes,Road-550-W Yellow- 38,293760,270,270,1088,34,59,59,46,29356250,1.0006727698531,79.86,Top 80%
131,Bikes,Road Bikes,Road-550-W Yellow- 40,289880,266,266,1089.77443609023,35,62,62,45,29356250,0.987455822865659,80.84,Top 80%
134,Bikes,Road Bikes,Road-550-W Yellow- 48,283680,261,261,1086.89655172414,36,63,63,48,29356250,0.966335959122844,81.81,Remaining 20%
128,Bikes,Road Bikes,Road-750 Black- 52,208440,386,386,540,37,38,38,80,29356250,0.710036193314882,82.52,Remaining 20%
5,Bikes,Mountain Bikes,Mountain-100 Black- 44,202500,60,60,3375,38,102,102,10,29356250,0.689802001277411,83.21,Remaining 20%
7,Bikes,Mountain Bikes,Mountain-100 Silver- 38,197200,58,58,3400,39,106,106,6,29356250,0.671747924206941,83.88,Remaining 20%
127,Bikes,Road Bikes,Road-750 Black- 48,196020,363,363,540,40,40,40,80,29356250,0.667728337236534,84.55,Remaining 20%
126,Bikes,Road Bikes,Road-750 Black- 44,194400,360,360,540,41,42,42,80,29356250,0.662209921226315,85.21,Remaining 20%
6,Bikes,Mountain Bikes,Mountain-100 Black- 48,192375,57,57,3375,42,108,108,10,29356250,0.655311901213541,85.87,Remaining 20%
129,Bikes,Road Bikes,Road-750 Black- 58,180360,334,334,540,43,46,46,80,29356250,0.614383649137747,86.48,Remaining 20%
9,Bikes,Mountain Bikes,Mountain-100 Silver- 44,166600,49,49,3400,44,116,116,6,29356250,0.567511177347243,87.05,Remaining 20%
3,Bikes,Mountain Bikes,Mountain-100 Black- 38,165375,49,49,3375,45,116,116,10,29356250,0.563338301043219,87.61,Remaining 20%
4,Bikes,Mountain Bikes,Mountain-100 Black- 42,151875,45,45,3375,46,124,124,10,29356250,0.517351500958058,88.13,Remaining 20%
8,Bikes,Mountain Bikes,Mountain-100 Silver- 42,142800,42,42,3400,47,127,127,6,29356250,0.486438152011922,88.61,Remaining 20%
155,Bikes,Touring Bikes,Touring-2000 Blue- 50,128790,106,106,1215,48,87,87,40,29356250,0.438714072812433,89.05,Remaining 20%
10,Bikes,Mountain Bikes,Mountain-100 Silver- 48,122400,36,36,3400,49,130,130,6,29356250,0.416946987438791,89.47,Remaining 20%
154,Bikes,Touring Bikes,Touring-2000 Blue- 46,117855,97,97,1215,50,88,88,40,29356250,0.401464764743453,89.87,Remaining 20%
116,Bikes,Mountain Bikes,Mountain-400-W Silver- 38,113812,148,148,769,51,79,79,49,29356250,0.387692569725357,90.26,Remaining 20%
156,Bikes,Touring Bikes,Touring-2000 Blue- 54,106920,88,88,1215,52,90,90,40,29356250,0.364215456674473,90.62,Remaining 20%
119,Bikes,Mountain Bikes,Mountain-400-W Silver- 46,106122,138,138,769,53,83,83,49,29356250,0.361497125824995,90.99,Remaining 20%
118,Bikes,Mountain Bikes,Mountain-400-W Silver- 42,99201,129,129,769,54,85,85,49,29356250,0.337921226314669,91.32,Remaining 20%
117,Bikes,Mountain Bikes,Mountain-400-W Silver- 40,98432,128,128,769,55,86,86,49,29356250,0.335301681924633,91.66,Remaining 20%
157,Bikes,Touring Bikes,Touring-2000 Blue- 60,98415,81,81,1215,56,92,92,40,29356250,0.335243772620822,91.99,Remaining 20%
246,Accessories,Helmets,Sport-100 Helmet- Red,78050,2230,2230,35,57,5,5,106,29356250,0.265871833084948,92.26,Remaining 20%
245,Accessories,Helmets,Sport-100 Helmet- Blue,74410,2126,2125,35,58,7,7,106,29356250,0.253472429210134,92.51,Remaining 20%
244,Accessories,Helmets,Sport-100 Helmet- Black,72975,2085,2085,35,59,9,9,106,29356250,0.248584202682563,92.76,Remaining 20%
38,Bikes,Road Bikes,Road-650 Black- 52,66915,89,89,751.85393258427,60,89,89,64,29356250,0.22794123908878,92.99,Remaining 20%
43,Bikes,Road Bikes,Road-650 Red- 48,66720,88,88,758.181818181818,61,90,90,57,29356250,0.227276985309772,93.22,Remaining 20%
39,Bikes,Road Bikes,Road-650 Black- 58,57996,76,76,763.105263157895,62,93,93,54,29356250,0.197559293165851,93.41,Remaining 20%
47,Bikes,Road Bikes,Road-650 Red- 62,57381,75,75,765.08,63,95,95,53,29356250,0.195464338939749,93.61,Remaining 20%
40,Bikes,Road Bikes,Road-650 Black- 60,57156,76,76,752.052631578947,64,93,93,63,29356250,0.194697892271663,93.8,Remaining 20%
45,Bikes,Road Bikes,Road-650 Red- 58,56346,74,74,761.432432432432,65,96,96,55,29356250,0.191938684266553,94,Remaining 20%
42,Bikes,Road Bikes,Road-650 Red- 44,54528,72,72,757.333333333333,66,97,97,58,29356250,0.185745795188418,94.18,Remaining 20%
41,Bikes,Road Bikes,Road-650 Black- 62,49047,65,65,754.569230769231,67,98,98,62,29356250,0.167075154353843,94.35,Remaining 20%
284,Accessories,Tires and Tubes,HL Mountain Tire,48895,1397,1396,35,68,13,13,106,29356250,0.16655737704918,94.52,Remaining 20%
36,Bikes,Road Bikes,Road-650 Black- 44,47565,63,63,755,69,100,100,61,29356250,0.162026825633383,94.68,Remaining 20%
148,Bikes,Touring Bikes,Touring-3000 Blue- 62,47488,64,64,742,70,99,99,65,29356250,0.161764530551416,94.84,Remaining 20%
174,Accessories,Fenders,Fender Set - Mountain,46662,2121,2121,22,71,8,8,118,29356250,0.158950819672131,95,Remaining 20%
44,Bikes,Road Bikes,Road-650 Red- 52,46083,61,61,755.459016393443,72,101,101,60,29356250,0.156978496912923,95.16,Remaining 20%
37,Bikes,Road Bikes,Road-650 Black- 48,45552,60,60,759.2,73,102,102,56,29356250,0.15516968277624,95.31,Remaining 20%
149,Bikes,Touring Bikes,Touring-3000 Yellow- 44,43778,59,59,742,74,104,104,65,29356250,0.149126676602086,95.46,Remaining 20%
150,Bikes,Touring Bikes,Touring-3000 Yellow- 50,43778,59,59,742,74,104,104,65,29356250,0.149126676602086,95.61,Remaining 20%
147,Bikes,Touring Bikes,Touring-3000 Blue- 58,42294,57,57,742,76,108,108,65,29356250,0.144071535022355,95.75,Remaining 20%
146,Bikes,Touring Bikes,Touring-3000 Blue- 54,40810,55,55,742,77,111,111,65,29356250,0.139016393442623,95.89,Remaining 20%
247,Accessories,Hydration Packs,Hydration Pack - 70 oz.,40315,733,733,55,78,21,21,97,29356250,0.137330210772834,96.03,Remaining 20%
46,Bikes,Road Bikes,Road-650 Red- 60,40071,53,53,756.056603773585,79,112,112,59,29356250,0.136499041941665,96.17,Remaining 20%
281,Accessories,Bike Stands,All-Purpose Bike Stand,39591,249,249,159,80,64,64,89,29356250,0.134863955716415,96.3,Remaining 20%
260,Accessories,Bike Racks,Hitch Rack - 4-Bike,39360,328,328,120,81,47,47,90,29356250,0.134077070470513,96.43,Remaining 20%
144,Bikes,Touring Bikes,Touring-3000 Blue- 44,39326,53,53,742,82,112,112,65,29356250,0.133961251862891,96.57,Remaining 20%
153,Bikes,Touring Bikes,Touring-3000 Yellow- 62,37100,50,50,742,83,114,114,65,29356250,0.126378539493294,96.7,Remaining 20%
151,Bikes,Touring Bikes,Touring-3000 Yellow- 54,35616,48,48,742,84,119,119,65,29356250,0.121323397913562,96.82,Remaining 20%
145,Bikes,Touring Bikes,Touring-3000 Blue- 50,35616,48,48,742,84,119,119,65,29356250,0.121323397913562,96.94,Remaining 20%
152,Bikes,Touring Bikes,Touring-3000 Yellow- 58,34874,47,47,742,86,123,123,65,29356250,0.118795827123696,97.06,Remaining 20%
283,Accessories,Tires and Tubes,ML Mountain Tire,34830,1161,1161,30,87,14,14,111,29356250,0.118645944219715,97.18,Remaining 20%
108,Bikes,Mountain Bikes,Mountain-500 Black- 44,31320,58,58,540,88,106,106,80,29356250,0.106689376197573,97.28,Remaining 20%
109,Bikes,Mountain Bikes,Mountain-500 Black- 48,30240,56,56,540,89,110,110,80,29356250,0.10301043219076,97.39,Remaining 20%
287,Accessories,Tires and Tubes,HL Road Tire,28314,858,858,33,90,20,20,110,29356250,0.0964496487119438,97.48,Remaining 20%
114,Bikes,Mountain Bikes,Mountain-500 Silver- 48,28250,50,50,565,91,114,114,75,29356250,0.0962316372152438,97.58,Remaining 20%
115,Bikes,Mountain Bikes,Mountain-500 Silver- 52,27120,48,48,565,92,119,119,75,29356250,0.092382371726634,97.67,Remaining 20%
288,Accessories,Tires and Tubes,Touring Tire,27115,935,935,29,93,16,16,112,29356250,0.0923653395784543,97.76,Remaining 20%
107,Bikes,Mountain Bikes,Mountain-500 Black- 42,26460,49,49,540,94,116,116,80,29356250,0.090134128166915,97.85,Remaining 20%
106,Bikes,Mountain Bikes,Mountain-500 Black- 40,25920,48,48,540,95,119,119,80,29356250,0.0882946561635086,97.94,Remaining 20%
111,Bikes,Mountain Bikes,Mountain-500 Silver- 40,25425,45,45,565,96,124,124,75,29356250,0.0866084734937194,98.03,Remaining 20%
112,Bikes,Mountain Bikes,Mountain-500 Silver- 42,25425,45,45,565,96,124,124,75,29356250,0.0866084734937194,98.11,Remaining 20%
272,Clothing,Shorts,Women's Mountain Shorts- L,25410,363,363,70,98,40,40,91,29356250,0.0865573770491803,98.2,Remaining 20%
273,Clothing,Shorts,Women's Mountain Shorts- M,24640,352,352,70,99,43,43,91,29356250,0.0839344262295082,98.28,Remaining 20%
286,Accessories,Tires and Tubes,ML Road Tire,23150,926,926,25,100,17,17,113,29356250,0.0788588460719608,98.36,Remaining 20%
248,Clothing,Jerseys,Long-Sleeve Logo Jersey- L,22650,453,452,50,101,30,30,102,29356250,0.0771556312539919,98.44,Remaining 20%
110,Bikes,Mountain Bikes,Mountain-500 Black- 52,22140,41,41,540,102,128,128,80,29356250,0.0754183521396636,98.52,Remaining 20%
249,Clothing,Jerseys,Long-Sleeve Logo Jersey- M,22100,442,442,50,103,32,32,102,29356250,0.0752820949542261,98.59,Remaining 20%
278,Clothing,Jerseys,Short-Sleeve Classic Jersey- XL,22086,409,409,54,104,35,35,98,29356250,0.075234404939323,98.67,Remaining 20%
113,Bikes,Mountain Bikes,Mountain-500 Silver- 44,22035,39,39,565,105,129,129,75,29356250,0.0750606770278901,98.74,Remaining 20%
276,Clothing,Jerseys,Short-Sleeve Classic Jersey- M,21978,407,407,54,106,36,36,98,29356250,0.0748665105386417,98.82,Remaining 20%
277,Clothing,Jerseys,Short-Sleeve Classic Jersey- S,21924,406,406,54,107,37,37,98,29356250,0.074682563338301,98.89,Remaining 20%
285,Accessories,Tires and Tubes,LL Road Tire,21924,1044,1044,21,107,15,15,119,29356250,0.074682563338301,98.97,Remaining 20%
282,Accessories,Tires and Tubes,LL Mountain Tire,21600,864,862,25,109,19,19,113,29356250,0.0735788801362572,99.04,Remaining 20%
250,Clothing,Jerseys,Long-Sleeve Logo Jersey- S,21450,429,429,50,110,33,33,102,29356250,0.0730679156908665,99.11,Remaining 20%
274,Clothing,Shorts,Women's Mountain Shorts- S,21280,304,304,70,111,51,51,91,29356250,0.0724888226527571,99.18,Remaining 20%
295,Accessories,Bottles and Cages,Water Bottle - 30 oz.,21245,4249,4244,5,112,1,1,126,29356250,0.0723695976154993,99.26,Remaining 20%
251,Clothing,Jerseys,Long-Sleeve Logo Jersey- XL,20700,414,413,50,113,34,34,102,29356250,0.0705130934639131,99.33,Remaining 20%
104,Accessories,Bottles and Cages,Mountain Bottle Cage,20340,2034,2025,10,114,10,10,120,29356250,0.0692867787949755,99.4,Remaining 20%
275,Clothing,Jerseys,Short-Sleeve Classic Jersey- L,20196,374,374,54,115,39,39,98,29356250,0.0687962529274005,99.47,Remaining 20%
166,Clothing,Caps,AWC Logo Cap,19710,2190,2190,9,116,6,6,121,29356250,0.0671407281243347,99.53,Remaining 20%
289,Accessories,Tires and Tubes,Mountain Tire Tube,15480,3096,3095,5,117,3,3,126,29356250,0.0527315307643177,99.59,Remaining 20%
105,Accessories,Bottles and Cages,Road Bottle Cage,15408,1712,1712,9,118,11,11,121,29356250,0.0524862678305301,99.64,Remaining 20%
293,Clothing,Vests,Classic Vest- M,12736,199,199,64,119,69,69,94,29356250,0.0433842878433042,99.68,Remaining 20%
292,Clothing,Vests,Classic Vest- L,12480,195,195,64,120,70,70,94,29356250,0.0425122418565042,99.72,Remaining 20%
234,Clothing,Gloves,Half-Finger Gloves- M,11976,499,499,24,121,28,28,115,29356250,0.0407954013199915,99.76,Remaining 20%
235,Clothing,Gloves,Half-Finger Gloves- S,11712,488,488,24,122,29,29,115,29356250,0.0398961038961039,99.8,Remaining 20%
294,Clothing,Vests,Classic Vest- S,10944,171,168,64,123,73,73,94,29356250,0.0372799659357036,99.84,Remaining 20%
233,Clothing,Gloves,Half-Finger Gloves- L,10632,443,443,24,124,31,31,115,29356250,0.036217159889291,99.88,Remaining 20%
290,Accessories,Tires and Tubes,Road Tire Tube,9504,2376,2376,4,125,4,4,129,29356250,0.0323747072599532,99.91,Remaining 20%
291,Accessories,Tires and Tubes,Touring Tire Tube,7440,1488,1488,5,126,12,12,126,29356250,0.0253438364913775,99.94,Remaining 20%
168,Accessories,Cleaners,Bike Wash - Dissolver,7272,909,908,8,127,18,18,125,29356250,0.0247715563125399,99.96,Remaining 20%
259,Accessories,Tires and Tubes,Patch Kit/8 Patches,6382,3191,3191,2,128,2,2,130,29356250,0.0217398339365552,99.98,Remaining 20%
280,Clothing,Socks,Racing Socks- M,2682,298,298,9,129,53,53,121,29356250,0.00913604428358527,99.99,Remaining 20%
279,Clothing,Socks,Racing Socks- L,2430,270,270,9,130,59,59,121,29356250,0.00827762401532893,100,Remaining 20%
169,Components,Cranksets,LL Crankset,0,0,0,NULL,131,131,131,131,29356250,0,100,Remaining 20%
170,Components,Cranksets,ML Crankset,0,0,0,NULL,131,131,131,131,29356250,0,100,Remaining 20%
171,Components,Cranksets,HL Crankset,0,0,0,NULL,131,131,131,131,29356250,0,100,Remaining 20%
172,Components,Brakes,Front Brakes,0,0,0,NULL,131,131,131,131,29356250,0,100,Remaining 20%
173,Components,Derailleurs,Front Derailleur,0,0,0,NULL,131,131,131,131,29356250,0,100,Remaining 20%
167,Components,Chains,Chain,0,0,0,NULL,131,131,131,131,29356250,0,100,Remaining 20%
236,Components,Handlebars,LL Mountain Handlebars,0,0,0,NULL,131,131,131,131,29356250,0,100,Remaining 20%
237,Components,Handlebars,ML Mountain Handlebars,0,0,0,NULL,131,131,131,131,29356250,0,100,Remaining 20%
238,Components,Handlebars,HL Mountain Handlebars,0,0,0,NULL,131,131,131,131,29356250,0,100,Remaining 20%
239,Components,Handlebars,LL Road Handlebars,0,0,0,NULL,131,131,131,131,29356250,0,100,Remaining 20%
240,Components,Handlebars,ML Road Handlebars,0,0,0,NULL,131,131,131,131,29356250,0,100,Remaining 20%
241,Components,Handlebars,HL Road Handlebars,0,0,0,NULL,131,131,131,131,29356250,0,100,Remaining 20%
242,Components,Handlebars,LL Touring Handlebars,0,0,0,NULL,131,131,131,131,29356250,0,100,Remaining 20%
243,Components,Handlebars,HL Touring Handlebars,0,0,0,NULL,131,131,131,131,29356250,0,100,Remaining 20%
252,NULL,NULL,LL Mountain Pedal,0,0,0,NULL,131,131,131,131,29356250,0,100,Remaining 20%
253,NULL,NULL,ML Mountain Pedal,0,0,0,NULL,131,131,131,131,29356250,0,100,Remaining 20%
254,NULL,NULL,HL Mountain Pedal,0,0,0,NULL,131,131,131,131,29356250,0,100,Remaining 20%
255,NULL,NULL,LL Road Pedal,0,0,0,NULL,131,131,131,131,29356250,0,100,Remaining 20%
256,NULL,NULL,ML Road Pedal,0,0,0,NULL,131,131,131,131,29356250,0,100,Remaining 20%
257,NULL,NULL,HL Road Pedal,0,0,0,NULL,131,131,131,131,29356250,0,100,Remaining 20%
258,NULL,NULL,Touring Pedal,0,0,0,NULL,131,131,131,131,29356250,0,100,Remaining 20%
261,Components,Brakes,Rear Brakes,0,0,0,NULL,131,131,131,131,29356250,0,100,Remaining 20%
262,Components,Derailleurs,Rear Derailleur,0,0,0,NULL,131,131,131,131,29356250,0,100,Remaining 20%
263,Components,Saddles,LL Mountain Seat/Saddle,0,0,0,NULL,131,131,131,131,29356250,0,100,Remaining 20%
264,Components,Saddles,ML Mountain Seat/Saddle,0,0,0,NULL,131,131,131,131,29356250,0,100,Remaining 20%
265,Components,Saddles,HL Mountain Seat/Saddle,0,0,0,NULL,131,131,131,131,29356250,0,100,Remaining 20%
266,Components,Saddles,LL Road Seat/Saddle,0,0,0,NULL,131,131,131,131,29356250,0,100,Remaining 20%
267,Components,Saddles,ML Road Seat/Saddle,0,0,0,NULL,131,131,131,131,29356250,0,100,Remaining 20%
268,Components,Saddles,HL Road Seat/Saddle,0,0,0,NULL,131,131,131,131,29356250,0,100,Remaining 20%
269,Components,Saddles,LL Touring Seat/Saddle,0,0,0,NULL,131,131,131,131,29356250,0,100,Remaining 20%
270,Components,Saddles,ML Touring Seat/Saddle,0,0,0,NULL,131,131,131,131,29356250,0,100,Remaining 20%
271,Components,Saddles,HL Touring Seat/Saddle,0,0,0,NULL,131,131,131,131,29356250,0,100,Remaining 20%
175,Components,Mountain Frames,LL Mountain Frame - Black- 40,0,0,0,NULL,131,131,131,131,29356250,0,100,Remaining 20%
176,Components,Mountain Frames,LL Mountain Frame - Black- 42,0,0,0,NULL,131,131,131,131,29356250,0,100,Remaining 20%
177,Components,Mountain Frames,LL Mountain Frame - Black- 44,0,0,0,NULL,131,131,131,131,29356250,0,100,Remaining 20%
178,Components,Mountain Frames,LL Mountain Frame - Black- 48,0,0,0,NULL,131,131,131,131,29356250,0,100,Remaining 20%
179,Components,Mountain Frames,LL Mountain Frame - Black- 52,0,0,0,NULL,131,131,131,131,29356250,0,100,Remaining 20%
180,Components,Mountain Frames,LL Mountain Frame - Silver- 40,0,0,0,NULL,131,131,131,131,29356250,0,100,Remaining 20%
181,Components,Mountain Frames,LL Mountain Frame - Silver- 42,0,0,0,NULL,131,131,131,131,29356250,0,100,Remaining 20%
182,Components,Mountain Frames,LL Mountain Frame - Silver- 44,0,0,0,NULL,131,131,131,131,29356250,0,100,Remaining 20%
183,Components,Mountain Frames,LL Mountain Frame - Silver- 48,0,0,0,NULL,131,131,131,131,29356250,0,100,Remaining 20%
184,Components,Mountain Frames,LL Mountain Frame - Silver- 52,0,0,0,NULL,131,131,131,131,29356250,0,100,Remaining 20%
185,Components,Mountain Frames,ML Mountain Frame-W - Silver- 38,0,0,0,NULL,131,131,131,131,29356250,0,100,Remaining 20%
186,Components,Mountain Frames,ML Mountain Frame-W - Silver- 40,0,0,0,NULL,131,131,131,131,29356250,0,100,Remaining 20%
187,Components,Mountain Frames,ML Mountain Frame-W - Silver- 42,0,0,0,NULL,131,131,131,131,29356250,0,100,Remaining 20%
188,Components,Mountain Frames,ML Mountain Frame-W - Silver- 46,0,0,0,NULL,131,131,131,131,29356250,0,100,Remaining 20%
189,Components,Mountain Frames,HL Mountain Frame - Black- 38,0,0,0,NULL,131,131,131,131,29356250,0,100,Remaining 20%
190,Components,Mountain Frames,HL Mountain Frame - Black- 42,0,0,0,NULL,131,131,131,131,29356250,0,100,Remaining 20%
191,Components,Mountain Frames,HL Mountain Frame - Black- 46,0,0,0,NULL,131,131,131,131,29356250,0,100,Remaining 20%
192,Components,Mountain Frames,HL Mountain Frame - Silver- 38,0,0,0,NULL,131,131,131,131,29356250,0,100,Remaining 20%
193,Components,Mountain Frames,HL Mountain Frame - Silver- 42,0,0,0,NULL,131,131,131,131,29356250,0,100,Remaining 20%
194,Components,Mountain Frames,HL Mountain Frame - Silver- 46,0,0,0,NULL,131,131,131,131,29356250,0,100,Remaining 20%
195,Components,Road Frames,LL Road Frame - Black- 44,0,0,0,NULL,131,131,131,131,29356250,0,100,Remaining 20%
196,Components,Road Frames,LL Road Frame - Black- 48,0,0,0,NULL,131,131,131,131,29356250,0,100,Remaining 20%
197,Components,Road Frames,LL Road Frame - Black- 52,0,0,0,NULL,131,131,131,131,29356250,0,100,Remaining 20%
198,Components,Road Frames,LL Road Frame - Black- 58,0,0,0,NULL,131,131,131,131,29356250,0,100,Remaining 20%
199,Components,Road Frames,LL Road Frame - Black- 60,0,0,0,NULL,131,131,131,131,29356250,0,100,Remaining 20%
200,Components,Road Frames,LL Road Frame - Black- 62,0,0,0,NULL,131,131,131,131,29356250,0,100,Remaining 20%
201,Components,Road Frames,ML Road Frame-W - Yellow- 38,0,0,0,NULL,131,131,131,131,29356250,0,100,Remaining 20%
202,Components,Road Frames,ML Road Frame-W - Yellow- 40,0,0,0,NULL,131,131,131,131,29356250,0,100,Remaining 20%
203,Components,Road Frames,ML Road Frame-W - Yellow- 42,0,0,0,NULL,131,131,131,131,29356250,0,100,Remaining 20%
204,Components,Road Frames,ML Road Frame-W - Yellow- 44,0,0,0,NULL,131,131,131,131,29356250,0,100,Remaining 20%
205,Components,Road Frames,ML Road Frame-W - Yellow- 48,0,0,0,NULL,131,131,131,131,29356250,0,100,Remaining 20%
206,Components,Road Frames,HL Road Frame - Black- 44,0,0,0,NULL,131,131,131,131,29356250,0,100,Remaining 20%
207,Components,Road Frames,HL Road Frame - Black- 48,0,0,0,NULL,131,131,131,131,29356250,0,100,Remaining 20%
208,Components,Road Frames,HL Road Frame - Black- 52,0,0,0,NULL,131,131,131,131,29356250,0,100,Remaining 20%
209,Components,Road Frames,HL Road Frame - Black- 62,0,0,0,NULL,131,131,131,131,29356250,0,100,Remaining 20%
210,Components,Road Frames,HL Road Frame - Red- 44,0,0,0,NULL,131,131,131,131,29356250,0,100,Remaining 20%
211,Components,Road Frames,HL Road Frame - Red- 48,0,0,0,NULL,131,131,131,131,29356250,0,100,Remaining 20%
212,Components,Road Frames,HL Road Frame - Red- 52,0,0,0,NULL,131,131,131,131,29356250,0,100,Remaining 20%
213,Components,Road Frames,HL Road Frame - Red- 56,0,0,0,NULL,131,131,131,131,29356250,0,100,Remaining 20%
214,Components,Road Frames,HL Road Frame - Red- 62,0,0,0,NULL,131,131,131,131,29356250,0,100,Remaining 20%
215,Components,Touring Frames,LL Touring Frame - Blue- 44,0,0,0,NULL,131,131,131,131,29356250,0,100,Remaining 20%
216,Components,Touring Frames,LL Touring Frame - Blue- 50,0,0,0,NULL,131,131,131,131,29356250,0,100,Remaining 20%
217,Components,Touring Frames,LL Touring Frame - Blue- 54,0,0,0,NULL,131,131,131,131,29356250,0,100,Remaining 20%
218,Components,Touring Frames,LL Touring Frame - Blue- 58,0,0,0,NULL,131,131,131,131,29356250,0,100,Remaining 20%
219,Components,Touring Frames,LL Touring Frame - Blue- 62,0,0,0,NULL,131,131,131,131,29356250,0,100,Remaining 20%
220,Components,Touring Frames,LL Touring Frame - Yellow- 44,0,0,0,NULL,131,131,131,131,29356250,0,100,Remaining 20%
221,Components,Touring Frames,LL Touring Frame - Yellow- 50,0,0,0,NULL,131,131,131,131,29356250,0,100,Remaining 20%
222,Components,Touring Frames,LL Touring Frame - Yellow- 54,0,0,0,NULL,131,131,131,131,29356250,0,100,Remaining 20%
223,Components,Touring Frames,LL Touring Frame - Yellow- 58,0,0,0,NULL,131,131,131,131,29356250,0,100,Remaining 20%
224,Components,Touring Frames,LL Touring Frame - Yellow- 62,0,0,0,NULL,131,131,131,131,29356250,0,100,Remaining 20%
225,Components,Touring Frames,HL Touring Frame - Blue- 46,0,0,0,NULL,131,131,131,131,29356250,0,100,Remaining 20%
226,Components,Touring Frames,HL Touring Frame - Blue- 50,0,0,0,NULL,131,131,131,131,29356250,0,100,Remaining 20%
227,Components,Touring Frames,HL Touring Frame - Blue- 54,0,0,0,NULL,131,131,131,131,29356250,0,100,Remaining 20%
228,Components,Touring Frames,HL Touring Frame - Blue- 60,0,0,0,NULL,131,131,131,131,29356250,0,100,Remaining 20%
229,Components,Touring Frames,HL Touring Frame - Yellow- 46,0,0,0,NULL,131,131,131,131,29356250,0,100,Remaining 20%
230,Components,Touring Frames,HL Touring Frame - Yellow- 50,0,0,0,NULL,131,131,131,131,29356250,0,100,Remaining 20%
231,Components,Touring Frames,HL Touring Frame - Yellow- 54,0,0,0,NULL,131,131,131,131,29356250,0,100,Remaining 20%
232,Components,Touring Frames,HL Touring Frame - Yellow- 60,0,0,0,NULL,131,131,131,131,29356250,0,100,Remaining 20%
11,Bikes,Road Bikes,Road-450 Red- 44,0,0,0,NULL,131,131,131,131,29356250,0,100,Remaining 20%
12,Bikes,Road Bikes,Road-450 Red- 48,0,0,0,NULL,131,131,131,131,29356250,0,100,Remaining 20%
13,Bikes,Road Bikes,Road-450 Red- 52,0,0,0,NULL,131,131,131,131,29356250,0,100,Remaining 20%
14,Bikes,Road Bikes,Road-450 Red- 58,0,0,0,NULL,131,131,131,131,29356250,0,100,Remaining 20%
15,Bikes,Road Bikes,Road-450 Red- 60,0,0,0,NULL,131,131,131,131,29356250,0,100,Remaining 20%
1,Components,Road Frames,HL Road Frame - Black- 58,0,0,0,NULL,131,131,131,131,29356250,0,100,Remaining 20%
2,Components,Road Frames,HL Road Frame - Red- 58,0,0,0,NULL,131,131,131,131,29356250,0,100,Remaining 20%
21,Components,Mountain Frames,HL Mountain Frame - Black- 44,0,0,0,NULL,131,131,131,131,29356250,0,100,Remaining 20%
22,Components,Mountain Frames,HL Mountain Frame - Black- 48,0,0,0,NULL,131,131,131,131,29356250,0,100,Remaining 20%
23,Components,Mountain Frames,HL Mountain Frame - Silver- 44,0,0,0,NULL,131,131,131,131,29356250,0,100,Remaining 20%
24,Components,Mountain Frames,HL Mountain Frame - Silver- 48,0,0,0,NULL,131,131,131,131,29356250,0,100,Remaining 20%
25,Components,Road Frames,ML Road Frame - Red- 44,0,0,0,NULL,131,131,131,131,29356250,0,100,Remaining 20%
26,Components,Road Frames,ML Road Frame - Red- 48,0,0,0,NULL,131,131,131,131,29356250,0,100,Remaining 20%
27,Components,Road Frames,ML Road Frame - Red- 52,0,0,0,NULL,131,131,131,131,29356250,0,100,Remaining 20%
28,Components,Road Frames,ML Road Frame - Red- 58,0,0,0,NULL,131,131,131,131,29356250,0,100,Remaining 20%
29,Components,Road Frames,ML Road Frame - Red- 60,0,0,0,NULL,131,131,131,131,29356250,0,100,Remaining 20%
30,Clothing,Socks,Mountain Bike Socks- L,0,0,0,NULL,131,131,131,131,29356250,0,100,Remaining 20%
31,Clothing,Socks,Mountain Bike Socks- M,0,0,0,NULL,131,131,131,131,29356250,0,100,Remaining 20%
32,Bikes,Mountain Bikes,Mountain-300 Black- 38,0,0,0,NULL,131,131,131,131,29356250,0,100,Remaining 20%
33,Bikes,Mountain Bikes,Mountain-300 Black- 40,0,0,0,NULL,131,131,131,131,29356250,0,100,Remaining 20%
34,Bikes,Mountain Bikes,Mountain-300 Black- 44,0,0,0,NULL,131,131,131,131,29356250,0,100,Remaining 20%
35,Bikes,Mountain Bikes,Mountain-300 Black- 48,0,0,0,NULL,131,131,131,131,29356250,0,100,Remaining 20%
51,Components,Forks,LL Fork,0,0,0,NULL,131,131,131,131,29356250,0,100,Remaining 20%
52,Components,Forks,ML Fork,0,0,0,NULL,131,131,131,131,29356250,0,100,Remaining 20%
53,Components,Forks,HL Fork,0,0,0,NULL,131,131,131,131,29356250,0,100,Remaining 20%
54,Components,Mountain Frames,ML Mountain Frame - Black- 38,0,0,0,NULL,131,131,131,131,29356250,0,100,Remaining 20%
55,Components,Mountain Frames,ML Mountain Frame - Black- 40,0,0,0,NULL,131,131,131,131,29356250,0,100,Remaining 20%
56,Components,Mountain Frames,ML Mountain Frame - Black- 44,0,0,0,NULL,131,131,131,131,29356250,0,100,Remaining 20%
57,Components,Mountain Frames,ML Mountain Frame - Black- 48,0,0,0,NULL,131,131,131,131,29356250,0,100,Remaining 20%
58,Components,Road Frames,LL Road Frame - Red- 44,0,0,0,NULL,131,131,131,131,29356250,0,100,Remaining 20%
59,Components,Road Frames,LL Road Frame - Red- 48,0,0,0,NULL,131,131,131,131,29356250,0,100,Remaining 20%
60,Components,Road Frames,LL Road Frame - Red- 52,0,0,0,NULL,131,131,131,131,29356250,0,100,Remaining 20%
61,Components,Road Frames,LL Road Frame - Red- 58,0,0,0,NULL,131,131,131,131,29356250,0,100,Remaining 20%
62,Components,Road Frames,LL Road Frame - Red- 60,0,0,0,NULL,131,131,131,131,29356250,0,100,Remaining 20%
63,Components,Road Frames,LL Road Frame - Red- 62,0,0,0,NULL,131,131,131,131,29356250,0,100,Remaining 20%
64,Components,Wheels,LL Mountain Front Wheel,0,0,0,NULL,131,131,131,131,29356250,0,100,Remaining 20%
65,Components,Wheels,ML Mountain Front Wheel,0,0,0,NULL,131,131,131,131,29356250,0,100,Remaining 20%
66,Components,Wheels,HL Mountain Front Wheel,0,0,0,NULL,131,131,131,131,29356250,0,100,Remaining 20%
67,Components,Wheels,LL Road Front Wheel,0,0,0,NULL,131,131,131,131,29356250,0,100,Remaining 20%
68,Components,Wheels,ML Road Front Wheel,0,0,0,NULL,131,131,131,131,29356250,0,100,Remaining 20%
69,Components,Wheels,HL Road Front Wheel,0,0,0,NULL,131,131,131,131,29356250,0,100,Remaining 20%
70,Components,Wheels,Touring Front Wheel,0,0,0,NULL,131,131,131,131,29356250,0,100,Remaining 20%
71,Clothing,Gloves,Full-Finger Gloves- L,0,0,0,NULL,131,131,131,131,29356250,0,100,Remaining 20%
72,Clothing,Gloves,Full-Finger Gloves- M,0,0,0,NULL,131,131,131,131,29356250,0,100,Remaining 20%
73,Clothing,Gloves,Full-Finger Gloves- S,0,0,0,NULL,131,131,131,131,29356250,0,100,Remaining 20%
74,Components,Headsets,LL Headset,0,0,0,NULL,131,131,131,131,29356250,0,100,Remaining 20%
75,Components,Headsets,ML Headset,0,0,0,NULL,131,131,131,131,29356250,0,100,Remaining 20%
76,Components,Headsets,HL Headset,0,0,0,NULL,131,131,131,131,29356250,0,100,Remaining 20%
77,Accessories,Locks,Cable Lock,0,0,0,NULL,131,131,131,131,29356250,0,100,Remaining 20%
78,Accessories,Lights,Headlights - Dual-Beam,0,0,0,NULL,131,131,131,131,29356250,0,100,Remaining 20%
79,Accessories,Lights,Headlights - Weatherproof,0,0,0,NULL,131,131,131,131,29356250,0,100,Remaining 20%
80,Accessories,Lights,Taillights - Battery-Powered,0,0,0,NULL,131,131,131,131,29356250,0,100,Remaining 20%
81,Accessories,Panniers,Touring-Panniers- Large,0,0,0,NULL,131,131,131,131,29356250,0,100,Remaining 20%
82,Accessories,Pumps,Minipump,0,0,0,NULL,131,131,131,131,29356250,0,100,Remaining 20%
83,Accessories,Pumps,Mountain Pump,0,0,0,NULL,131,131,131,131,29356250,0,100,Remaining 20%
84,Components,Wheels,LL Mountain Rear Wheel,0,0,0,NULL,131,131,131,131,29356250,0,100,Remaining 20%
85,Components,Wheels,ML Mountain Rear Wheel,0,0,0,NULL,131,131,131,131,29356250,0,100,Remaining 20%
86,Components,Wheels,HL Mountain Rear Wheel,0,0,0,NULL,131,131,131,131,29356250,0,100,Remaining 20%
87,Components,Wheels,LL Road Rear Wheel,0,0,0,NULL,131,131,131,131,29356250,0,100,Remaining 20%
88,Components,Wheels,ML Road Rear Wheel,0,0,0,NULL,131,131,131,131,29356250,0,100,Remaining 20%
89,Components,Wheels,HL Road Rear Wheel,0,0,0,NULL,131,131,131,131,29356250,0,100,Remaining 20%
90,Components,Wheels,Touring Rear Wheel,0,0,0,NULL,131,131,131,131,29356250,0,100,Remaining 20%
91,Clothing,Bib-Shorts,Men's Bib-Shorts- L,0,0,0,NULL,131,131,131,131,29356250,0,100,Remaining 20%
92,Clothing,Bib-Shorts,Men's Bib-Shorts- M,0,0,0,NULL,131,131,131,131,29356250,0,100,Remaining 20%
93,Clothing,Bib-Shorts,Men's Bib-Shorts- S,0,0,0,NULL,131,131,131,131,29356250,0,100,Remaining 20%
94,Clothing,Shorts,Men's Sports Shorts- L,0,0,0,NULL,131,131,131,131,29356250,0,100,Remaining 20%
95,Clothing,Shorts,Men's Sports Shorts- M,0,0,0,NULL,131,131,131,131,29356250,0,100,Remaining 20%
96,Clothing,Shorts,Men's Sports Shorts- S,0,0,0,NULL,131,131,131,131,29356250,0,100,Remaining 20%
97,Clothing,Shorts,Men's Sports Shorts- XL,0,0,0,NULL,131,131,131,131,29356250,0,100,Remaining 20%
98,Clothing,Tights,Women's Tights- L,0,0,0,NULL,131,131,131,131,29356250,0,100,Remaining 20%
99,Clothing,Tights,Women's Tights- M,0,0,0,NULL,131,131,131,131,29356250,0,100,Remaining 20%
100,Clothing,Tights,Women's Tights- S,0,0,0,NULL,131,131,131,131,29356250,0,100,Remaining 20%
101,Components,Bottom Brackets,LL Bottom Bracket,0,0,0,NULL,131,131,131,131,29356250,0,100,Remaining 20%
102,Components,Bottom Brackets,ML Bottom Bracket,0,0,0,NULL,131,131,131,131,29356250,0,100,Remaining 20%
103,Components,Bottom Brackets,HL Bottom Bracket,0,0,0,NULL,131,131,131,131,29356250,0,100,Remaining 20%
